Name,Street,Suburb,City,State,Phone,Notes
Bunnings Trade Centre Rockhampton,199 Farm Street,,Kawana,QLD,,
Bunnings Acacia Ridge ,441 Bradman St,Acacia Ridge,Brisbane,QLD,,
Bunnings Adelaide Airport ,James Schofield Dr,Adelaide Airport,Adelaide,SA,,
Bunnings Airlie Beach ,Cnr Shute Harbour Road & Pandanus Dr,,Cannonvale,QLD,,
Bunnings Albany ,162 Chester Pass Road,,Albany,WA,,
Bunnings Albury ,Cnr Borella Road & Drome St,,Albury,VIC,,
Bunnings Alexandria ,8/40 Euston Rd,Alexandria,Sydney,NSW,,
Bunnings Alice Springs ,Stuart Hwy & Power St,,Alice Springs,NT,,
Bunnings Altona ,Cnr Millers and Ross Rd,Altona,Melbourne,VIC,,
Bunnings Armadale WA ,Armadale Rd,Armadale,Perth,WA,,
Bunnings Armidale NSW ,Cnr Barney & Canambe St,,Armidale,NSW,,
Bunnings Artarmon ,71 Reserve Rd,Artarmon,Sydney,NSW,,
Bunnings Arundel ,292 Brisbane Rd,Arundel,Brisbane,QLD,,
Bunnings Ashfield ,Cnr Parramatta Rd & Frederick St,Ashfield,Sydney,NSW,,
Bunnings Atherton ,14-16 Main St,,Atherton,QLD,,
Bunnings Australind ,58 The Promenade,,Australind,WA,,
Bunnings Bairnsdale ,485-487 Main St,,Bairnsdale,VIC,,
Bunnings Balcatta ,191 Balcatta Rd,Balcatta,Perth,WA,,
Bunnings Baldivis ,Cnr Baldivis Rd & Safety Bay Rd,Baldivis,Perth,WA,,
Bunnings Balgowlah ,Balgowlah Rd,Balgowlah,Sydney,NSW,,
Bunnings Ballarat ,306-312 Creswick Road,,Ballarat,VIC,,
Bunnings Ballina ,River Street & Horizon Dr,,West Ballina,NSW,,
Bunnings Bankstown ,347-359 Milperra Rd,Bankstown,Sydney,NSW,,
Bunnings Batemans Bay ,32-34 Princes Hwy,,Batemans Bay,NSW,,
Bunnings Bathurst ,21 Great Western Hwy,,Bathurst,NSW,,
Bunnings Bayswater ,183/225 Canterbury Rd,Bayswater,Melbourne,VIC,,
Bunnings Bayswater (WA) ,245 Collier Rd,Bayswater,Perth,WA,,
Bunnings Belconnen ,15 Lathlain St,Belconnen,Canberra,ACT,,
Bunnings Bellambi ,Cnr Bellambi Ln & Watts Ln,,Bellambi,NSW,,
Bunnings Belmont WA ,Abernethy Road & Alexander Rd,Belmont,Perth,WA,,
Bunnings Belrose ,"Austlink Corp Park, Niangala Cl",Belrose,Sydney,NSW,,
Bunnings Bendigo ,263 High St,,Kangaroo Flat,VIC,,
Bunnings Bennetts Green ,20 Pacific Hwy,,Bennetts Green,NSW,,
Bunnings Berri ,Cnr Old Sturt Hwy & Hoskin Rd,,Berri,SA,,
Bunnings Bethania ,9 Glasson Dr,Bethania,Brisbane,QLD,,
Bunnings Bibra Lake ,Cnr Spearwood Avenue & Stock Rd,Bibra Lake,Perth,WA,,
Bunnings Blacktown ,Cnr Reservoir Road & Great Western Hwy,Blacktown,Sydney,NSW,,
Bunnings Bonnyrigg ,1/9 Bonnyrigg Ave,Bonnyrigg,Sydney,NSW,,
Bunnings Box Hill ,259 Middleborough Rd,Box Hill,Melbourne,VIC,,
Bunnings Brendale ,Cnr Old North Rd & Kremzow Rd,Brendale,Brisbane,QLD,,
Bunnings Broadmeadows ,100 Pearcedale Parade,Broadmeadows,Melbourne,VIC,,
Bunnings Broome ,Cnr Blackman & Hunter St,,Broome,WA,,
Bunnings Browns Plains ,Cnr Browns Plains Road & Commerce Dr,Browns Plains,Brisbane,QLD,,
Bunnings Brunswick ,415 Sydney Rd,Brunswick,Melbourne,VIC,,
Bunnings Bunbury ,Cnr Blair Street & Mervyn St,,Bunbury,WA,,
Bunnings Bundaberg ,30 Johanna Blvd,,Kensington,QLD,,
Bunnings Bundamba ,Cnr Brisbane Street & Mining St,Bundamba,Brisbane,QLD,,
Bunnings Burleigh Waters ,Bermuda Street & Reedy Creek Rd,Burleigh Waters,Brisbane,QLD,,
Bunnings Burnie ,1-5 Reeves St,,South Burnie,TAS,,
Bunnings Busselton ,115 Strelly St,,Busselton,WA,,
Bunnings Byron Bay ,2 Bayshore Dr,,Byron Bay,NSW,,
Bunnings Caboolture ,459 Pumicestone Rd,Caboolture,Brisbane,QLD,,
Bunnings Cairns Central ,71/83 Kenny St,,Portsmith,QLD,,
Bunnings Caloundra ,54 Caloundra Rd,Caloundra,Brisbane,QLD,,
Bunnings Campbelltown ,Cnr Blaxland Rd & Farrow Rd,Blair Athol,Sydney,NSW,,
Bunnings Canberra Airport ,971 Majura Rd,Majura Park,Canberra,ACT,,
Bunnings Cannington ,27 Liege St,Cannington,Perth,WA,,
Bunnings Cannon Hill ,1881 Creek Rd,Cannon Hill,Brisbane,QLD,,
Bunnings Capalaba ,Mount Cotton & Pittwin Rd N,Capalaba,Brisbane,QLD,,
Bunnings Caringbah ,Koonya Cct,Caringbah,Sydney,NSW,,
Bunnings Carlingford ,295 Pennant Hills Rd,Carlingford,Sydney,NSW,,
Bunnings Caroline Springs ,1067/1125 Western Hwy,Caroline Springs,Melbourne,VIC,,
Bunnings Carrum Downs ,600 Frankston - Dandenong Rd,Carrum Downs,Melbourne,VIC,,
Bunnings Carseldine ,26 Linkfield Rd,Bald Hills,Brisbane,QLD,,
Bunnings Castle Hill ,14 Victoria Ave,Castle Hill,Sydney,NSW,,
Bunnings Cessnock ,249/255 Vincent St,,Cessnock,NSW,,
Bunnings Chadstone ,675-685 Warrigal Rd,Chadstone,Melbourne,VIC,,
Bunnings Chatswood ,Smith St,Chatswood,Sydney,NSW,,
Bunnings Claremont ,303 Stirling Hwy,Claremont,Perth,WA,,
Bunnings Clyde North ,46S Hamersley Dr,Clyde North,Melbourne,VIC,,
Bunnings Coburg ,64-96 Gaffney St,Coburg,Melbourne,VIC,,
Bunnings Cockburn Central ,71 Armadale Rd,Jandakot,Perth,WA,,
Bunnings Coffs Harbour ,Cnr Pacific Hwy & Cook Dr,,Coffs Harbour,NSW,,
Bunnings Colac ,130-138 Bromfield St,,Colac,VIC,,
Bunnings Collingwood ,179-201 Victoria Parade,Collingwood,Melbourne,VIC,,
Bunnings Cowra ,22 Redfern St,,Cowra,NSW,,
Bunnings Craigieburn ,700 Hume Hwy,Craigieburn,Melbourne,VIC,,
Bunnings Cranbourne ,1205 Thompsons Rd,Cranbourne,Melbourne,VIC,,
Bunnings Crossroads ,Cnr Campbelltown Road & Camden Valley Wy,Casula,Sydney,NSW,,
Bunnings Croydon ,268-288 Maroondah Highway,Chirnside Park,Melbourne,VIC,,
Bunnings Dalby ,17775 Warrego Hwy,,Dalby,QLD,,
Bunnings Dandenong ,101 Princes Hwy,Dandenong South,Melbourne,VIC,,
Bunnings Darwin ,Cnr Bagot Rd & Osgood Dr,Coconut Grove,Darwin,NT,,
Bunnings Delacombe ,307 Smythes Rd,,Delacombe,VIC,,
Bunnings Devonport ,4 Friend St,,Devonport,TAS,,
Bunnings Doncaster ,659 Doncaster Rd,Doncaster,Melbourne,VIC,,
Bunnings Dubbo ,Sheraton Rd,,Dubbo,NSW,,
Bunnings Dural ,248/252 New Line Rd,Dural,Sydney,NSW,,
Bunnings East Pakenham ,56 - 58 Bald Hill Road,Pakenham,Melbourne,VIC,,
Bunnings East Victoria Park ,1010 Albany Hwy,East Victoria Park,Perth,WA,,
Bunnings Eastgardens ,140-148 Denison St,Hillsdale,Sydney,NSW,,
Bunnings Echuca ,131 Ogilvie Ave,,Echuca,VIC,,
Bunnings Edwardstown ,1028-1042 South Rd,Edwardstown,Adelaide,SA,,
Bunnings Ellenbrook ,173 The Promenade,Ellenbrook,Perth,WA,,
Bunnings Eltham ,Silver St,Eltham,Melbourne,VIC,,
Bunnings Epping ,310 Cooper St,Epping,Melbourne,VIC,,
Bunnings Epsom - Bendigo ,Cnr Midland Hwy & Toma Ct,,Epsom,VIC,,
Bunnings Erina North ,147 The Entrance Rd,,Erina,NSW,,
Bunnings Esperance ,Cnr Norseman Road & Arthur St,,Esperance,WA,,
Bunnings Fairfield ,266 Darebin Rd,Fairfield,Melbourne,VIC,,
Bunnings Fairfield Waters ,2 Darcy Dr,,Idalia,QLD,,
Bunnings Forbes ,Cnr Newell Hwy & Lamb St,,Forbes,NSW,,
Bunnings Forster ,Breese Parade,,Forster,NSW,,
Bunnings Fountain Gate ,64-86 Narre Warren North Road,Fountain Drive,Melbourne,VIC,,
Bunnings Frankston ,Mcmahons Rd & Gertrude St,Frankston,Melbourne,VIC,,
Bunnings Fyshwick ,Cnr Collie & Newcastle St,Fyshwick,Canberra,ACT,,
Bunnings Gawler ,6 Tulloch Rd,Evanston,Adelaide,SA,,
Bunnings Geelong North ,5/19 Princes Hwy,Norlane,Melbourne,VIC,,
Bunnings Geraldton ,181 N W Coastal Hwy,,Geraldton,WA,,
Bunnings Gladesville ,461 Victoria Rd,Gladesville,Sydney,NSW,,
Bunnings Gladstone ,Dawson Hwy,,Gladstone Central,QLD,,
Bunnings Glendale ,T C Frith Ave,,Glendale,NSW,,
Bunnings Glenorchy ,20 Howard Rd,Glenorchy,Hobart,TAS,,
Bunnings Goulburn ,Cnr Hume St & Ducks Ln,,Goulburn,NSW,,
Bunnings Grafton ,1251 Big River Way,,Grafton,NSW,,
Bunnings Greenacre ,Cnr Roberts Road & Amarina Ave,Greenacre,Sydney,NSW,,
Bunnings Gregory Hills ,2 Rodeo Rd,Gregory Hills,Sydney,NSW,,
Bunnings Griffith ,Kidman Way,,Griffith,NSW,,
Bunnings Gungahlin ,10 Gribble St,Gungahlin,Canberra,ACT,,
Bunnings Gympie ,Cnr Bruce Highway and Hall Rd,Gympie,Brisbane,QLD,,
Bunnings Halls Head ,25 Rutland Dr,Halls Head,Perth,WA,,
Bunnings Hamilton ,Cnr Glenelg & Henty Hwy,,Hamilton,VIC,,
Bunnings Harrisdale ,Cnr Wright Rd & Ranford Rd,Harrisdale,Perth,WA,,
Bunnings Hastings ,1837 Frankston-Flinders Road ,Hastings,Melbourne,VIC,,
Bunnings Hawthorn ,230 Burwood Rd,Hawthorn,Melbourne,VIC,,
Bunnings Heatherbrae ,8 Griffin St,,Heatherbrae,NSW,,
Bunnings Hervey Bay ,Cnr Main Street and McLiver St,,Urraween,QLD,,
Bunnings Homebase ,55 Salvado Rd,Subiaco,Perth,WA,,
Bunnings Hoppers Crossing ,221-231 Old Geelong Rd,Hoppers Crossing,Melbourne,VIC,,
Bunnings Horsham ,24-38 Wilson St,,Horsham,VIC,,
Bunnings Hoxton Park ,Cnr Cowpasture Road & Airfield Dr,Hoxton Park,Sydney,NSW,,
Bunnings Indooroopilly ,94/108 Coonan St,Indooroopilly,Brisbane,QLD,,
Bunnings Innaloo ,Cnr Scarborough Beach Road & Odin Rd,Innaloo,Perth,WA,,
Bunnings Innisfail ,35 Glady St,,Innisfail,QLD,,
Bunnings Inverell ,79-81 Oliver St,,Inverell,NSW,,
Bunnings Joondalup ,Cnr Sundew Rise and Joondalup Dr,Joondalup,Perth,WA,,
Bunnings Kalamunda ,30 Haynes St,Kalamunda,Perth,WA,,
Bunnings Kalgoorlie ,139 Boulder Rd,,Kalgoorlie,WA,,
Bunnings Katoomba ,Cnr Wilson St & Megalong St,,Katoomba,NSW,,
Bunnings Kawana ,566 Kawana Way,Birtinya,Brisbane,QLD,,
Bunnings Kembla Grange ,640 Northcliffe Dr,,Kembla Grange,NSW,,
Bunnings Kempsey ,Cnr Macleay Valley Way & South St,,Kempsey,NSW,,
Bunnings Kent Town ,63/65 Rundle St,Kent Town,Adelaide,SA,,
Bunnings Keperra ,481 Settlement Rd,Keperra,Brisbane,QLD,,
Bunnings Keysborough ,Cheltenham Rd & Springvale Rd,Keysborough,Melbourne,VIC,,
Bunnings Kingaroy ,2 Walter Rd,,Kingaroy,QLD,,
Bunnings Kings Meadows ,90 Connector Park Dr,Kings Meadows,Launceston,TAS,,
Bunnings Kingsgrove ,Cnr Richland St & Kingsgrove Rd,Kingsgrove,Sydney,NSW,,
Bunnings Kingston ,163 Channel Hwy,Kingston,Hobart,TAS,,
Bunnings Kirrawee ,127-141 Bath Rd,Kirrawee,Sydney,NSW,,
Bunnings Kotara ,30 Northcott Dr,,Kotara,NSW,,
Bunnings Lake Haven - Chelmsford Rd,Cnr Chelmsford Road & Pacific Hwy,,Charmhaven,NSW,,
Bunnings Lawnton ,727 Gympie Rd,Lawnton,Brisbane,QLD,,
Bunnings Leopold ,621-639 Bellarine Hwy,Leopold,Melbourne,VIC,,
Bunnings Leppington ,Cnr of Bringelly Road & Skyline Cres,Leppington,Sydney,NSW,,
Bunnings Lidcombe ,23-29 Parramatta Rd,Lidcombe,Sydney,NSW,,
Bunnings Lilydale ,Cnr John & Hutchinson St,Lilydale,Melbourne,VIC,,
Bunnings Lismore ,2 Bruxner Hwy,,Lismore,NSW,,
Bunnings Lithgow ,295 Main St,,Lithgow,NSW,,
Bunnings Loganholme ,3786 Pacific Hwy,Loganholme,Brisbane,QLD,,
Bunnings Mackay North ,Cnr Mackay Bucasia Road & Holts Rd,,Richmond,QLD,,
Bunnings Maddington ,1816/1828 Albany Hwy,Maddington,Perth,WA,,
Bunnings Maitland ,Cnr Bungaree St & New England Hwy,,Maitland,NSW,,
Bunnings Malaga ,Cnr Malaga Drive and Marshall Rd,Malaga,Perth,WA,,
Bunnings Mandurah ,21 Kirkpatrick Drive,Greenfields,Perth,WA,,
Bunnings Manly West ,398 Wondall Rd,Manly West,Brisbane,QLD,,
Bunnings Margaret River ,8 Acer Pl,,Margaret River,WA,,
Bunnings Maribyrnong ,Cnr Rosamond Rd & Williamson Rd,Maribyrnong,Melbourne,VIC,,
Bunnings Marion ,461 Morphett Rd,Oaklands Park,Adelaide,SA,,
Bunnings Maroochydore ,70-98 Dalton Dr,Maroochydore,Brisbane,QLD,,
Bunnings Marsden Park ,Cnr Richmond Rd & Hollinsworth Rd,Marsden Park,Sydney,NSW,,
Bunnings Maryborough ,107 Ferry St,,Maryborough,QLD,,
Bunnings McGraths Hill ,264-272 Windsor Rd,McGraths Hill,Sydney,NSW,,
Bunnings Melton East ,56 High St,Melton,Melbourne,VIC,,
Bunnings Melville ,126 N Lake Rd,Melville,Perth,WA,,
Bunnings Mentone ,23-27 Nepean Hwy,Mentone,Melbourne,VIC,,
Bunnings Mermaid Waters ,Cnr Markeri St & Southport Burleigh Rd,Mermaid Waters,Brisbane,QLD,,
Bunnings Mernda ,1405 Plenty Rd,Mernda,Melbourne,VIC,,
Bunnings Midland ,Cnr Lloyd & Clayton St,Midland,Perth,WA,,
Bunnings Mildura ,639-665 Fifteenth St,,Mildura,VIC,,
Bunnings Mile End ,108 Railway Terrace,Mile End,Adelaide,SA,,
Bunnings Mill Park ,761 Plenty Rd,Mill Park,Melbourne,VIC,,
Bunnings Minchinbury ,Cnr Great Western Hwy & John Hines Ave,Minchinbury,Sydney,NSW,,
Bunnings Mindarie - Lower Keys Drive,22 Lower Keys Dr,Clarkson,Perth,WA,,
Bunnings Mittagong ,Cnr Old Hume Highway & Tyree Pl,,Mittagong,NSW,,
Bunnings Modbury ,933-945 North East Road,Modbury,Adelaide,SA,,
Bunnings Moorabbin ,Cnr Fairchild Street & Warrigal Rd,Moorabbin,Melbourne,VIC,,
Bunnings Morayfield ,Morayfield Rd,Morayfield,Brisbane,QLD,,
Bunnings Morisset - Advantage Avenue,Advantage Ave,,Morisset,NSW,,
Bunnings Mornington (TAS) ,25 South Arm Highway,Mornington,Hobart,TAS,,
Bunnings Mornington (VIC) ,Cnr 1100 Nepean Hwy & Bungower Rd,Mornington,Melbourne,VIC,,
Bunnings Morwell ,"Midvalley Shopping Centre, Princes Dr",,Morwell,VIC,,
Bunnings Mt Barker ,Mount Barker Rd,Totness,Adelaide,SA,,
Bunnings Mt Gambier ,182/248 Penola Rd,Mount Gambier,Adelaide,SA,,
Bunnings Mt Gravatt ,Cnr Creek & Wecker Roads,Mount Gravatt,Brisbane,QLD,,
Bunnings Mt Gravatt - Logan Road,1290 Logan Road,Mount Gravatt East,Brisbane,QLD,,
Bunnings Mt Isa ,89 West St,,Mount Isa City,QLD,,
Bunnings Mudgee ,Cnr Castlereagh Highway & Burrundulla Rd,,Mudgee,NSW,,
Bunnings Munno Para West ,Cnr Frisby and Curtis Rd,Smithfield Plains,Adelaide,SA,,
Bunnings Murray Bridge ,109E Maurice Rd,Murray Bridge,Adelaide,SA,,
Bunnings Narellan ,Cnr Northern Road & Porrende St,Narellan,Sydney,NSW,,
Bunnings Narrabeen ,1307 Pittwater Rd,Narrabeen,Sydney,NSW,,
Bunnings Narrabri ,Cnr Newell Highway & Saleyards Ln,,Narrabri,NSW,,
Bunnings Narre Warren ,TBC,TBC,Melbourne,VIC,,
Bunnings National Support Office,570 Swan St,Burnley,Melbourne,VIC,,
Bunnings Nerang ,Pappas Way & Mortensen Rd,Nerang,Brisbane,QLD,,
Bunnings Newstead ,142 Breakfast Creek Rd,Newstead,Brisbane,QLD,,
Bunnings Noarlunga ,"Colonnades Centre, Cnr Goldsmith Drive and Jackson Place",Noarlunga,Adelaide,SA,,
Bunnings Noosaville ,Gateway Dr,Noosaville,Brisbane,QLD,,
Bunnings North Lakes ,18-28 Cook Ct,North Lakes,Brisbane,QLD,,
Bunnings North Launceston ,Lindsay Street & Goderich St,Invermay,Launceston,TAS,,
Bunnings North Penrith ,2166 Castlereagh Rd,Penrith,Sydney,NSW,,
Bunnings Northam ,Cnr Oliver St & Peel Terrace,Northam,Perth,WA,,
Bunnings Northmead ,1c Redbank Rd,Northmead,Sydney,NSW,,
Bunnings Notting Hill ,232-256 Ferntree Gully Rd,Notting Hill,Melbourne,VIC,,
Bunnings Nowra ,147 Princes Hwy,,South Nowra,NSW,,
Bunnings Nunawading ,250 Whitehorse Rd,Nunawading,Melbourne,VIC,,
Bunnings Oakleigh ,1041 Centre Rd,Oakleigh South,Melbourne,VIC,,
Bunnings O'Connor ,Cnr South Street and Yarrick St,O'Connor,Perth,WA,,
Bunnings Orange ,Cnr Northern Distributor Rd & Leeds Parade,,Orange,NSW,,
Bunnings Osborne Park ,46 Main St,Osborne Park,Perth,WA,,
Bunnings Oxenford ,Global Plaza,Oxenford,Brisbane,QLD,,
Bunnings Padstow ,88 Fairford Rd,Padstow,Sydney,NSW,,
Bunnings Paget Mackay ,165-179 Archibald St,,Paget,QLD,,
Bunnings Pakenham ,2 O'Brien Parade ,Pakenham,Melbourne,VIC,,
Bunnings Palmerston ,6 Pierssene Road,,Palmerston,NT,,
Bunnings Parafield ,Cnr Main North Road & Kings Rd,Parafield,Adelaide,SA,,
Bunnings Penrith ,2745 Wolseley St,Penrith,Sydney,NSW,,
Bunnings Pimpama ,2 Yawalpah Rd,Pimpama,Brisbane,QLD,,
Bunnings Plainland ,4404 Warrego Hwy,Plainland,Brisbane,QLD,,
Bunnings Port Lincoln ,St Andrews Terrace & Verran Terrace,,Port Lincoln,SA,,
Bunnings Port Macquarie ,18 John Oxley Dr,,Port Macquarie,NSW,,
Bunnings Port Melbourne ,501 Williamstown Rd,Port Melbourne,Melbourne,VIC,,
Bunnings Port Stephens ,Cnr Port Stephens Drive & Taylors Beach Rd,,Taylors Beach,NSW,,
Bunnings Preston ,64-74 Bell St,Preston,Melbourne,VIC,,
Bunnings Prospect (SA) ,Churchill Rd & Regency Rd,Prospect,Adelaide,SA,,
Bunnings Pymble ,950 Pacific Hwy,Pymble,Sydney,NSW,,
Bunnings Randwick ,Clovelly Road & Kemmis St,Randwick,Sydney,NSW,,
Bunnings Reynella ,38/44 Panalatinga Rd,Old Reynella,Adelaide,SA,,
Bunnings Ringwood ,Charter St,Ringwood,Melbourne,VIC,,
Bunnings Robina ,57 Scottsdale Dr,Robina,Brisbane,QLD,,
Bunnings Rockdale ,383 W Botany St,Rockdale,Sydney,NSW,,
Bunnings Rockhampton ,540 Yaamba Road,,Norman Gardens,QLD,,
Bunnings Rockingham ,Cnr Patterson Road & Pedlar Cct,Rockingham,Perth,WA,,
Bunnings Rocklea ,Granard Rd & Balham Rd,Rocklea,Brisbane,QLD,,
Bunnings Rose Bay ,538-544 Old South Head Rd,Rose Bay,Sydney,NSW,,
Bunnings Rosebud ,282 Boneo Rd,Rosebud,Melbourne,VIC,,
Bunnings Rothwell ,Cnr Anzac Ave & Bremner Rd,Rothwell,Brisbane,QLD,,
Bunnings Rouse Hill ,352 Annangrove Rd,Rouse Hill,Sydney,NSW,,
Bunnings Rozelle ,Cnr Parsons Street & Mullens St,Rozelle,Sydney,NSW,,
Bunnings Rydalmere ,316 Victoria Rd,Rydalmere,Sydney,NSW,,
Bunnings Sale ,48 Macarthur Street,,Sale,VIC,,
Bunnings Scoresby ,1467 Ferntree Gully Rd,Scoresby,Melbourne,VIC,,
Bunnings Seaford,Cnr Main South Rd & Seaford Rd,Old Noarlunga,Adelaide,SA,,
Bunnings Seven Hills ,Old Windsor Rd,Seven Hills,Sydney,NSW,,
Bunnings Seymour ,63 Anzac Ave,,Seymour,VIC,,
Bunnings Shellharbour ,15 Shandan Cct,,Albion Park,NSW,,
Bunnings Shepparton ,90 Benalla Rd,,Shepparton,VIC,,
Bunnings Singleton ,Cnr New England Highway & Magpie St,,Singleton,NSW,,
Bunnings Smithfield NSW ,Cnr Cumberland Hwy & Sturt St,Smithfield,Sydney,NSW,,
Bunnings Smithfield QLD ,4 Mount Milman Dr,,Smithfield,QLD,,
Bunnings South Tweed Heads ,29-41 Greenway Dr,Tweed Heads,Brisbane,QLD,,
Bunnings Southport ,500 Olsen Ave,Southport,Brisbane,QLD,,
Bunnings Springfield Central ,Cnr Southern Cross Circuit & Main St,Springfield Central,Brisbane,QLD,,
Bunnings Springvale ,849 Princes Hwy,Springvale,Melbourne,VIC,,
Bunnings Stafford ,450 Stafford Rd,Stafford,Brisbane,QLD,,
Bunnings Sunbury ,95 Vineyard Rd,Sunbury,Melbourne,VIC,,
Bunnings Sunshine ,480 Ballarat Rd,Sunshine,Melbourne,VIC,,
Bunnings Swan Hill ,Cnr Beveridge St & Nyah Rd,,Swan Hill,VIC,,
Bunnings Tamworth ,Cnr Jewry & Lockheed St,,Tamworth,NSW,,
Bunnings Taree ,Cnr Wingham Road & Bushland Dr,,Taree,NSW,,
Bunnings Tarneit ,660 Leakes Rd,Tarneit,Melbourne,VIC,,
Bunnings Taylors Lakes ,430 Melton Hwy,Taylors Lake,Melbourne,VIC,,
Bunnings Thomastown ,11 Dalton Rd,Thomastown,Melbourne,VIC,,
Bunnings Thornleigh ,Cnr Pennant Hills Rd & Phyllis Ave,Thornleigh,Sydney,NSW,,
Bunnings Toowoomba North ,239/267 Ruthven St,,Toowoomba,QLD,,
Bunnings Toowoomba West ,339-391 Anzac Ave,,Harristown,QLD,,
Bunnings Torquay ,1 Beacon Blvd,Torquay,Melbourne,VIC,,
Bunnings Townsville Central ,Dalrymple Rd & Duckworth St,,Garbutt,QLD,,
Bunnings Townsville North ,Cnr Nexus Drive and North Shore Boulevard,,Burdell,QLD,,
Bunnings Traralgon ,191-193 Argyle St,,Traralgon,VIC,,
Bunnings Tuggerah ,Cnr Bryant Drive & Wyong Rd,,Tuggerah,NSW,,
Bunnings Tuggeranong ,Anketell St,Greenway,Canberra,ACT,,
Bunnings Ulladulla ,131 St Vincent St,,Ulladulla,NSW,,
Bunnings Umina Beach ,Cnr West St & South St,,Umina Beach,NSW,,
Bunnings Underwood Compton Road ,Compton Road & Ewing Rd,Underwood,Brisbane,QLD,,
Bunnings Valley Heights ,26 Great Western Hwy,Valley Heights,Sydney,NSW,,
Bunnings Vermont South ,606-634 Burwood Hwy,Vermont South,Melbourne,VIC,,
Bunnings Victor Harbor ,Lot 5 Adelaide Rd,Victor Harbour,Adelaide,SA,,
Bunnings Victoria Point ,Cnr Colburn Avenue & Cleveland - Redland Bay Rd,Victoria Point,Brisbane,QLD,,
Bunnings Villawood ,Cnr Woodville Rd & Tangerine St,Villawood,Sydney,NSW,,
Bunnings Virginia ,1836 Sandgate Rd,Virginia,Brisbane,QLD,,
Bunnings Wagga Wagga ,Cnr Dobney & Pearson St,,Wagga Wagga,NSW,,
Bunnings Wallsend ,Cnr Sandgate Road & Minmi Rd,,Wallsend,NSW,,
Bunnings Wangara ,200 Hartman Dr,Landsdale,Perth,WA,,
Bunnings Wangaratta ,95/103 Tone Rd,,Wangaratta,VIC,,
Bunnings Warragul ,Cnr Cnr of Queen St and Hazel Dr,,Warragul,VIC,,
Bunnings Warringah Mall ,1A Cross St,Brookvale,Sydney,NSW,,
Bunnings Warrnambool ,Cnr Raglan Parade & Horne Rd,,Warrnambool,VIC,,
Bunnings Warwick ,Cnr Canning & Condamine St,,Warwick,QLD,,
Bunnings Waurn Ponds ,237 Colac Rd,Waurn Ponds,Melbourne,VIC,,
Bunnings Werribee ,55 Cherry St,Werribee,Melbourne,VIC,,
Bunnings West Footscray ,Cnr Geelong Rd & Geelong St,West Footscray,Melbourne,VIC,,
Bunnings West Gosford ,3 Yallambee Ave,,West Gosford,NSW,,
Bunnings West Ipswich ,Cnr Brisbane Clay & Darling St,West Ipswich,Brisbane,QLD,,
Bunnings Willetton ,135 High Rd,Willetton,Perth,WA,,
Bunnings Windsor Gardens ,432 North East Road,Windsor Gardens,Adelaide,SA,,
Bunnings Wodonga ,Anzac Parade,,Wodonga,VIC,,
Bunnings Wonthaggi ,Cnr White Road & McKenzie St,,Wonthaggi,VIC,,
Bunnings Woodville ,Cnr Cheltenham Pde & Port Rd,Woodville,Adelaide,SA,,
Bunnings Yarrawonga ,"Kaelia Business Park, Murray Valley Hwy",,Yarrawonga,VIC,,
Bunnings Yeppoon ,3571 Yeppoon Rd,,Yeppoon,QLD,,
Bunnings Young ,288 Boorowa St,,Young,NSW,,
